image,price,buyUrl,group,color,name,category,gender,fit,style,scale,removeBg
cropped/IMG_2717.png,590,https://s.shopee.co.th/19TOB9GmD,cami-tank-floral,ขาว,เสื้อสายเดี่ยวปักลายดอกไม้ Cami Tank สีขาว,เสื้อ,หญิง,,แคชชวล,,
cropped/IMG_2718.png,590,https://s.shopee.co.th/19TOB9GmD,cami-tank-floral,ม่วงเข้ม,เสื้อสายเดี่ยวปักลายดอกไม้ Cami Tank สีม่วงเข้ม,เสื้อ,หญิง,,แคชชวล,,
cropped/IMG_2719.png,590,https://s.shopee.co.th/19TOB9GmD,cami-tank-floral,กรมท่า,เสื้อสายเดี่ยวปักลายดอกไม้ Cami Tank สีกรมท่า,เสื้อ,หญิง,,แคชชวล,,
cropped/IMG_2720.png,590,https://s.shopee.co.th/19TOB9GmD,cami-tank-floral,ฟ้าอ่อน,เสื้อสายเดี่ยวปักลายดอกไม้ Cami Tank สีฟ้าอ่อน,เสื้อ,หญิง,,แคชชวล,,
cropped/IMG_2721.png,590,https://s.shopee.co.th/19TOB9GmD,cami-tank-floral,เทา,เสื้อสายเดี่ยวปักลายดอกไม้ Cami Tank สีเทา,เสื้อ,หญิง,,แคชชวล,,
cropped/IMG_2722.png,590,https://s.shopee.co.th/19TOB9GmD,cami-tank-floral,ชมพูอ่อน,เสื้อสายเดี่ยวปักลายดอกไม้ Cami Tank สีชมพูอ่อน,เสื้อ,หญิง,,แคชชวล,,
cropped/IMG_2723.png,590,https://s.shopee.co.th/19TOB9GmD,cami-tank-floral,ครีม,เสื้อสายเดี่ยวปักลายดอกไม้ Cami Tank สีครีม,เสื้อ,หญิง,,แคชชวล,,
cropped/IMG_2724.png,590,https://s.shopee.co.th/19TOB9GmD,cami-tank-floral,น้ำตาลเข้ม,เสื้อสายเดี่ยวปักลายดอกไม้ Cami Tank สีน้ำตาลเข้ม,เสื้อ,หญิง,,แคชชวล,,
cropped/IMG_2725.png,590,https://s.shopee.co.th/19TOB9GmD,cami-tank-floral,มินท์,เสื้อสายเดี่ยวปักลายดอกไม้ Cami Tank สีมินท์,เสื้อ,หญิง,,แคชชวล,,
